Workbook
Name B2B: #REF!
Name B2B: #REF!
Name COMPUREDES: #REF!
Name COMPUREDES: #REF!
Name COPS: #REF!
Name COPS: #REF!
Name CRM: #REF!
Name CRM: #REF!
Name Desarrollo: #REF!
Name Desarrollo: #REF!
Name DIGITAL: #REF!
Name DIGITAL: #REF!
Name DTH: #REF!
Name DTH: #REF!
Name DWH: #REF!
Name DWH: #REF!
Name DWH.: #REF!
Name DWH.: #REF!
Name EquipoM: #REF!
Name EquipoM: #REF!
Name Estado: #REF!
Name Estado: #REF!
Name EstadosBugs: #REF!
Name EstadosBugs: #REF!
Name Estr: #REF!
Name Estr: #REF!
Name Etapa: #REF!
Name Etapa: #REF!
Name Evidencia: #REF!
Name Evidencia: #REF!
Name Evidencias: #REF!
Name Evidencias: #REF!
Name Fijo: #REF!
Name Fijo: #REF!
Name Financiera: #REF!
Name Financiera: #REF!
Name FIXES: #REF!
Name FIXES: #REF!
Name fixes.: #REF!
Name fixes.: #REF!
Name Frecuencia: #REF!
Name Frecuencia: #REF!
Name Hogares: #REF!
Name Hogares: #REF!
Name Impacto: #REF!
Name Impacto: #REF!
Name Infraestructura: #REF!
Name Infraestructura: #REF!
Name MIFYL: #REF!
Name MIFYL: #REF!
Name mostrar_período_largo: CHOOSE(período,"enero","febrero","marzo","abril","mayo","junio","julio","agosto","septiembre","octubre","noviembre","diciembre","año")
Name mostrar_período_largo: CHOOSE(período,"enero","febrero","marzo","abril","mayo","junio","julio","agosto","septiembre","octubre","noviembre","diciembre","año")
Name Movil: #REF!
Name Movil: #REF!
Name Negocio: #REF!
Name Negocio: #REF!
Name Objetivo: #REF!
Name Objetivo: #REF!
Name Operaciones: #REF!
Name Operaciones: #REF!

Sheet Plan de Pruebas
A1: Pirámide de Testing - Base
G2: Unit Testing
A4: Proyecto: Por Definir | QA Lead: Jaime Quiñelen | Fecha: Abril 2026 | Versión: v1.0
B5: ID | C5: Componente / Función Real | D5: Caso de Prueba | E5: Entrada | F5: Resultado Esperado | G5: Criterio SDD | H5: Prioridad | I5: Framework | J5: Notas / Comentarios
B6: UT-001-01 | C6: OrigenAppService | D6: Detectar plataforma web-desktop | E6: userAgent sin Mobi/Android, sin Capacitor | F6: origen_app = 'web-desktop' | G6: A | H6: Alta | I6: Jest
B7: UT-001-02 | C7: OrigenAppService | D7: Detectar plataforma web-mobile | E7: userAgent con Mobi | F7: origen_app = 'web-mobile' | G7: A | H7: Alta | I7: Jest
B8: UT-001-03 | C8: OrigenAppService | D8: Detectar plataforma iOS app | E8: Capacitor.getPlatform() = 'ios' | F8: origen_app = 'ios-app' | G8: A | H8: Media | I8: Jest
B9: UT-001-04 | C9: OrigenAppService | D9: Detectar plataforma Android app | E9: Capacitor.getPlatform() = 'android' | F9: origen_app = 'android-app' | G9: A | H9: Media | I9: Jest
B10: UT-001-05 | C10: RutValidatorService | D10: Validar RUT con formato correcto | E10: "12.345.678-9" | F10: true | G10: A | H10: Alta | I10: Jest
B11: UT-001-06 | C11: RutValidatorService | D11: Rechazar RUT sin puntos ni guión | E11: "123456789" | F11: false | G11: A | H11: Alta | I11: Jest
B12: UT-001-07 | C12: RutValidatorService | D12: Rechazar RUT con dígito verificador incorrecto | E12: "12.345.678-0" | F12: false | G12: A | H12: Alta | I12: Jest
B13: UT-001-08 | C13: RutValidatorService | D13: Aceptar RUT con dígito verificador K | E13: "5.126.663-K" | F13: true | G13: A | H13: Media | I13: Jest
B14: UT-001-09 | C14: LoginFormComponent | D14: Campo RUT requerido — no vacío | E14: rut = "" | F14: FormControl invalid | G14: A | H14: Alta | I14: Jest
B15: UT-001-10 | C15: LoginFormComponent | D15: Campo contraseña requerido — no vacío | E15: password = "" | F15: FormControl invalid | G15: A | H15: Alta | I15: Jest
B16: UT-001-11 | C16: LoginFormComponent | D16: Formulario válido con ambos campos | E16: RUT válido + password | F16: form.valid = true | G16: A | H16: Alta | I16: Jest
B17: UT-001-12 | C17: RecaptchaService | D17: Cargar token reCAPTCHA correctamente | E17: Mock de Google reCAPTCHA v3 | F17: Token retornado !== null | G17: A | H17: Alta | I17: Jest
... B39: UT-001-34 | C39: LoginFormComponent | D39: Password con solo espacios es invalido | E39: password = " " | F39: FormControl invalid | G39: A | H39: Alta | I39: Jest
B40: UT-001-35 | C40: LoadTimeService | I40: Jest
B41: UT-001-36 | C41: ProtocolValidatorService | D41: Rechazar protocolo FTP | E41: "ftp:" | F41: false | G41: C | H41: Media | I41: Jest
B42: UT-001-37 | C42: ProtocolValidatorService | D42: Rechazar input vacio o nulo | E42: protocol = "" o null | F42: false | G42: C | H42: Alta | I42: Jest
B43: UT-001-38 | C43: AppComponent | I43: Jest
B44: UT-001-39 | C44: AppComponent | D44: Elemento body existe en el DOM tras bootstrap | E44: DOM inicial de Angular | F44: <body> existe y no es null | G44: A | H44: Alta | I44: Jest
B45: UT-001-40 | C45: AppComponent | D45: Router resuelve ruta /inicio sin error | E45: RouterTestingModule + path /inicio | F45: Componente cargado sin error de navegacion | G45: A | H45: Media | I45: Jest
B46: UT-001-41 | C46: LoginService | D46: Llamada API exitosa retorna token de sesion | E46: Mock HTTP 200 + credenciales validas | F46: Token !== null en response | G46: A | H46: Alta | I46: Jest
B47: UT-001-42 | C47: LoginService | D47: Llamada API fallida retorna error controlado sin crash | E47: Mock HTTP 401 | F47: Observable error controlado | sin excepcion no manejada | G47: A | H47: Alta | I47: Jest
B48: UT-001-43 | C48: LoginService | D48: Request incluye token reCAPTCHA en el header | E48: Token reCAPTCHA mock disponible | F48: Header X-Recaptcha-Token presente en la request | G48: A | H48: Alta | I48: Jest
B49: UT-001-44 | C49: HttpInterceptor | D49: Agrega header Authorization en requests a rutas protegidas | E49: Token de sesion activo en storage | F49: Request contiene Authorization: Bearer <token> | G49: A | H49: Alta | I49: Jest
B50: UT-001-45 | C50: HttpInterceptor | D50: Intercepta respuesta 401 y redirige al login | E50: Mock HTTP 401 en request protegida | F50: Router.navigate llamado con ["/login"] | G50: A | H50: Alta | I50: Jest
B51: UT-001-46 | C51: SessionStorageService | D51: Guarda token correctamente en sessionStorage | E51: token = "abc123" | F51: sessionStorage.getItem("token") === "abc123" | G51: A | H51: Alta | I51: Jest
B52: UT-001-47 | C52: SessionStorageService | D52: Recupera token existente desde sessionStorage | E52: Token previamente guardado | F52: getToken() retorna el token almacenado | G52: A | H52: Alta | I52: Jest
B53: UT-001-48 | C53: SessionStorageService | D53: Elimina token al cerrar sesion | E53: Llamada a clearToken() | F53: sessionStorage.getItem("token") === null | G53: A | H53: Alta | I53: Jest
C63: Total Horas Estimadas de Ejecución →
B66: =+COUNT(B6:B53) -> 0 | C66: Total Casos de Prueba →
B68: LEYENDA – ESTADO DE CASOS
B69: En pruebas | C69: Exitoso | D69: Fallido | E69: Bloqueado | F69: Por Ejecutar | G69: Ok Técnico
B233: =+COUNTA(C6:C110) -> 51

Sheet Maestro
A1: COLOMBIA | C1: Fecha | D1: Avance Esperado | E1: Avance Real | J1: Tipo | K1: Nuevo | L1: En Desarrollo | M1: En Pruebas | N1: Devuelto Desarrollo | O1: Cerrado | P1: En instalación | Q1: En Análisis | R1: Total general | U1: Error | X1: Mejora | AA1: Nuevo Requerimieto | AD1: Configuración
A2: Días no hábiles | C2: =+#REF! -> #REF! | D2: =+#REF! -> #REF! | E2: =+#REF! -> #REF! | J2: Error | K2: =+COUNTIFS(#REF!,$J$2,#REF!,K1) -> #REF! | L2: =+COUNTIFS(#REF!,$J$2,#REF!,L1) -> #REF! | M2: =+COUNTIFS(#REF!,$J$2,#REF!,M1) -> #REF! | N2: =+COUNTIFS(#REF!,$J$2,#REF!,N1) -> #REF! | O2: =+COUNTIFS(#REF!,$J$2,#REF!,O1) -> #REF! | P2: =+COUNTIFS(#REF!,$J$2,#REF!,P1) -> #REF! | Q2: =+COUNTIFS(#REF!,$J$2,#REF!,Q1) -> #REF! | R2: =SUM(K2:Q2) -> #REF! | U2: Alta | V2: Media | W2: Baja | X2: Alta | Y2: Media | Z2: Baja | AA2: Alta | AB2: Media | AC2: Baja | AD2: Alta | AE2: Media | AF2: Baja | AG2: Total general
A3: Festivos | C3: =+#REF! -> #REF! | D3: =+#REF! -> #REF! | E3: =+#REF! -> #REF! | J3: Mejora | K3: =+COUNTIFS(#REF!,$J$3,#REF!,K1) -> #REF! | L3: =+COUNTIFS(#REF!,$J$3,#REF!,L1) -> #REF! | M3: =+COUNTIFS(#REF!,$J$3,#REF!,M1) -> #REF! | N3: =+COUNTIFS(#REF!,$J$3,#REF!,N1) -> #REF! | O3: =+COUNTIFS(#REF!,$J$3,#REF!,O1) -> #REF! | P3: =+COUNTIFS(#REF!,$J$3,#REF!,P1) -> #REF! | Q3: =+COUNTIFS(#REF!,$J$3,#REF!,Q1) -> #REF! | R3: =SUM(K3:Q3) -> #REF! | T3: Nuevo | U3: =+COUNTIFS(#REF!,Listas!$G$2,#REF!,Listas!$F2,#REF!,Listas!$H$2) -> #REF! | V3: =+COUNTIFS(#REF!,Listas!$G$2,#REF!,Listas!$F2,#REF!,Listas!$H$3) -> #REF! | W3: =+COUNTIFS(#REF!,Listas!$G$2,#REF!,Listas!$F2,#REF!,Listas!$H$4) -> #REF! | X3: =+COUNTIFS(#REF!,Listas!$G$3,#REF!,Listas!$F2,#REF!,Listas!$H$2) -> #REF! | Y3: =+COUNTIFS(#REF!,Listas!$G$3,#REF!,Listas!$F2,#REF!,Listas!$H$3) -> #REF! | Z3: =+COUNTIFS(#REF!,Listas!$G$3,#REF!,Listas!$F2,#REF!,Listas!$H$4) -> #REF! | AA3: =+COUNTIFS(#REF!,Listas!$G$4,#REF!,Listas!$F2,#REF!,Listas!$H$2) -> #REF! | AB3: =+COUNTIFS(#REF!,Listas!$G$4,#REF!,Listas!$F2,#REF!,Listas!$H$3) -> #REF! | AC3: =+COUNTIFS(#REF!,Listas!$G$4,#REF!,Listas!$F2,#REF!,Listas!$H$4) -> #REF! | AD3: =+COUNTIFS(#REF!,Listas!$G$5,#REF!,Listas!$F2,#REF!,Listas!$H$2) -> #REF! | AE3: =+COUNTIFS(#REF!,Listas!$G$5,#REF!,Listas!$F2,#REF!,Listas!$H$3) -> #REF! | AF3: =+COUNTIFS(#REF!,Listas!$G$5,#REF!,Listas!$F2,#REF!,Listas!$H$4) -> #REF! | AG3: =SUM(U3:AF3) -> #REF!
A4: 45292 | C4: =+#REF! -> #REF! | D4: =+#REF! -> #REF! | E4: =+#REF! -> #REF! | J4: Nuevo Requerimiento | K4: =+COUNTIFS(#REF!,$J$4,#REF!,K1) -> #REF! | L4: =+COUNTIFS(#REF!,$J$4,#REF!,L1) -> #REF! | M4: =+COUNTIFS(#REF!,$J$4,#REF!,M1) -> #REF! | N4: =+COUNTIFS(#REF!,$J$4,#REF!,N1) -> #REF! | O4: =+COUNTIFS(#REF!,$J$4,#REF!,O1) -> #REF! | P4: =+COUNTIFS(#REF!,$J$4,#REF!,P1) -> #REF! | Q4: =+COUNTIFS(#REF!,$J$4,#REF!,Q1) -> #REF! | R4: =SUM(K4:Q4) -> #REF! | T4: En Desarrollo | U4: =+COUNTIFS(#REF!,Listas!$G$2,#REF!,Listas!$F3,#REF!,Listas!$H$2) -> #REF! | V4: =+COUNTIFS(#REF!,Listas!$G$2,#REF!,Listas!$F3,#REF!,Listas!$H$3) -> #REF! | W4: =+COUNTIFS(#REF!,Listas!$G$2,#REF!,Listas!$F3,#REF!,Listas!$H$4) -> #REF! | X4: =+COUNTIFS(#REF!,Listas!$G$3,#REF!,Listas!$F3,#REF!,Listas!$H$2) -> #REF! | Y4: =+COUNTIFS(#REF!,Listas!$G$3,#REF!,Listas!$F3,#REF!,Listas!$H$3) -> #REF! | Z4: =+COUNTIFS(#REF!,Listas!$G$3,#REF!,Listas!$F3,#REF!,Listas!$H$4) -> #REF! | AA4: =+COUNTIFS(#REF!,Listas!$G$4,#REF!,Listas!$F3,#REF!,Listas!$H$2) -> #REF! | AB4: =+COUNTIFS(#REF!,Listas!$G$4,#REF!,Listas!$F3,#REF!,Listas!$H$3) -> #REF! | AC4: =+COUNTIFS(#REF!,Listas!$G$4,#REF!,Listas!$F3,#REF!,Listas!$H$4) -> #REF! | AD4: =+COUNTIFS(#REF!,Listas!$G$5,#REF!,Listas!$F3,#REF!,Listas!$H$2) -> #REF! | AE4: =+COUNTIFS(#REF!,Listas!$G$5,#REF!,Listas!$F3,#REF!,Listas!$H$3) -> #REF! | AF4: =+COUNTIFS(#REF!,Listas!$G$5,#REF!,Listas!$F3,#REF!,Listas!$H$4) -> #REF! | AG4: =SUM(U4:AF4) -> #REF!
A5: 45299 | C5: =+#REF! -> #REF! | D5: =+#REF! -> #REF! | E5: =+#REF! -> #REF! | J5: Configuración | K5: =+COUNTIFS(#REF!,$J$5,#REF!,K1) -> #REF! | L5: =+COUNTIFS(#REF!,$J$5,#REF!,L1) -> #REF! | M5: =+COUNTIFS(#REF!,$J$5,#REF!,M1) -> #REF! | N5: =+COUNTIFS(#REF!,$J$5,#REF!,N1) -> #REF! | O5: =+COUNTIFS(#REF!,$J$5,#REF!,O1) -> #REF! | P5: =+COUNTIFS(#REF!,$J$5,#REF!,P1) -> #REF! | Q5: =+COUNTIFS(#REF!,$J$5,#REF!,Q1) -> #REF! | R5: =SUM(K5:Q5) -> #REF! | T5: En Pruebas | U5: =+COUNTIFS(#REF!,Listas!$G$2,#REF!,Listas!$F4,#REF!,Listas!$H$2) -> #REF! | V5: =+COUNTIFS(#REF!,Listas!$G$2,#REF!,Listas!$F4,#REF!,Listas!$H$3) -> #REF! | W5: =+COUNTIFS(#REF!,Listas!$G$2,#REF!,Listas!$F4,#REF!,Listas!$H$4) -> #REF! | X5: =+COUNTIFS(#REF!,Listas!$G$3,#REF!,Listas!$F4,#REF!,Listas!$H$2) -> #REF! | Y5: =+COUNTIFS(#REF!,Listas!$G$3,#REF!,Listas!$F4,#REF!,Listas!$H$3) -> #REF! | Z5: =+COUNTIFS(#REF!,Listas!$G$3,#REF!,Listas!$F4,#REF!,Listas!$H$4) -> #REF! | AA5: =+COUNTIFS(#REF!,Listas!$G$4,#REF!,Listas!$F4,#REF!,Listas!$H$2) -> #REF! | AB5: =+COUNTIFS(#REF!,Listas!$G$4,#REF!,Listas!$F4,#REF!,Listas!$H$3) -> #REF! | AC5: =+COUNTIFS(#REF!,Listas!$G$4,#REF!,Listas!$F4,#REF!,Listas!$H$4) -> #REF! | AD5: =+COUNTIFS(#REF!,Listas!$G$5,#REF!,Listas!$F4,#REF!,Listas!$H$2) -> #REF! | AE5: =+COUNTIFS(#REF!,Listas!$G$5,#REF!,Listas!$F4,#REF!,Listas!$H$3) -> #REF! | AF5: =+COUNTIFS(#REF!,Listas!$G$5,#REF!,Listas!$F4,#REF!,Listas!$H$4) -> #REF! | AG5: =SUM(U5:AF5) -> #REF!
A6: 45376 | C6: =+#REF! -> #REF! | D6: =+#REF! -> #REF! | E6: =+#REF! -> #REF! | J6: Total | K6: =SUM(K2:K5) -> #REF! | L6: =SUM(L2:L5) -> #REF! | M6: =SUM(M2:M5) -> #REF! | N6: =SUM(N2:N5) -> #REF! | O6: =SUM(O2:O5) -> #REF! | P6: =SUM(P2:P5) -> #REF! | Q6: =SUM(Q2:Q5) -> #REF! | R6: =SUM(R2:R5) -> #REF! | T6: Devuelto Desarrollo | U6: =+COUNTIFS(#REF!,Listas!$G$2,#REF!,Listas!$F5,#REF!,Listas!$H$2) -> #REF! | V6: =+COUNTIFS(#REF!,Listas!$G$2,#REF!,Listas!$F5,#REF!,Listas!$H$3) -> #REF! | W6: =+COUNTIFS(#REF!,Listas!$G$2,#REF!,Listas!$F5,#REF!,Listas!$H$4) -> #REF! | X6: =+COUNTIFS(#REF!,Listas!$G$3,#REF!,Listas!$F5,#REF!,Listas!$H$2) -> #REF! | Y6: =+COUNTIFS(#REF!,Listas!$G$3,#REF!,Listas!$F5,#REF!,Listas!$H$3) -> #REF! | Z6: =+COUNTIFS(#REF!,Listas!$G$3,#REF!,Listas!$F5,#REF!,Listas!$H$4) -> #REF! | AA6: =+COUNTIFS(#REF!,Listas!$G$4,#REF!,Listas!$F5,#REF!,Listas!$H$2) -> #REF! | AB6: =+COUNTIFS(#REF!,Listas!$G$4,#REF!,Listas!$F5,#REF!,Listas!$H$3) -> #REF! | AC6: =+COUNTIFS(#REF!,Listas!$G$4,#REF!,Listas!$F5,#REF!,Listas!$H$4) -> #REF! | AD6: =+COUNTIFS(#REF!,Listas!$G$5,#REF!,Listas!$F5,#REF!,Listas!$H$2) -> #REF! | AE6: =+COUNTIFS(#REF!,Listas!$G$5,#REF!,Listas!$F5,#REF!,Listas!$H$3) -> #REF! | AF6: =+COUNTIFS(#REF!,Listas!$G$5,#REF!,Listas!$F5,#REF!,Listas!$H$4) -> #REF! | AG6: =SUM(U6:AF6) -> #REF!
A7: 45379 | C7: =+#REF! -> #REF! | D7: =+#REF! -> #REF! | E7: =+#REF! -> #REF! | R7: =SUM(K6:Q6) -> #REF! | T7: Cerrado | U7: =+COUNTIFS(#REF!,Listas!$G$2,#REF!,Listas!$F6,#REF!,Listas!$H$2) -> #REF! | V7: =+COUNTIFS(#REF!,Listas!$G$2,#REF!,Listas!$F6,#REF!,Listas!$H$3) -> #REF! | W7: =+COUNTIFS(#REF!,Listas!$G$2,#REF!,Listas!$F6,#REF!,Listas!$H$4) -> #REF! | X7: =+COUNTIFS(#REF!,Listas!$G$3,#REF!,Listas!$F6,#REF!,Listas!$H$2) -> #REF! | Y7: =+COUNTIFS(#REF!,Listas!$G$3,#REF!,Listas!$F6,#REF!,Listas!$H$3) -> #REF! | Z7: =+COUNTIFS(#REF!,Listas!$G$3,#REF!,Listas!$F6,#REF!,Listas!$H$4) -> #REF! | AA7: =+COUNTIFS(#REF!,Listas!$G$4,#REF!,Listas!$F6,#REF!,Listas!$H$2) -> #REF! | AB7: =+COUNTIFS(#REF!,Listas!$G$4,#REF!,Listas!$F6,#REF!,Listas!$H$3) -> #REF! | AC7: =+COUNTIFS(#REF!,Listas!$G$4,#REF!,Listas!$F6,#REF!,Listas!$H$4) -> #REF! | AD7: =+COUNTIFS(#REF!,Listas!$G$5,#REF!,Listas!$F6,#REF!,Listas!$H$2) -> #REF! | AE7: =+COUNTIFS(#REF!,Listas!$G$5,#REF!,Listas!$F6,#REF!,Listas!$H$3) -> #REF! | AF7: =+COUNTIFS(#REF!,Listas!$G$5,#REF!,Listas!$F6,#REF!,Listas!$H$4) -> #REF! | AG7: =SUM(U7:AF7) -> #REF!
A8: 45745 | C8: =+#REF! -> #REF! | D8: =+#REF! -> #REF! | E8: =+#REF! -> #REF! | T8: En instalación | U8: =+COUNTIFS(#REF!,Listas!$G$2,#REF!,Listas!$F7,#REF!,Listas!$H$2) -> #REF! | V8: =+COUNTIFS(#REF!,Listas!$G$2,#REF!,Listas!$F7,#REF!,Listas!$H$3) -> #REF! | W8: =+COUNTIFS(#REF!,Listas!$G$2,#REF!,Listas!$F7,#REF!,Listas!$H$4) -> #REF! | X8: =+COUNTIFS(#REF!,Listas!$G$3,#REF!,Listas!$F7,#REF!,Listas!$H$2) -> #REF! | Y8: =+COUNTIFS(#REF!,Listas!$G$3,#REF!,Listas!$F7,#REF!,Listas!$H$3) -> #REF! | Z8: =+COUNTIFS(#REF!,Listas!$G$3,#REF!,Listas!$F7,#REF!,Listas!$H$4) -> #REF! | AA8: =+COUNTIFS(#REF!,Listas!$G$4,#REF!,Listas!$F7,#REF!,Listas!$H$2) -> #REF! | AB8: =+COUNTIFS(#REF!,Listas!$G$4,#REF!,Listas!$F7,#REF!,Listas!$H$3) -> #REF! | AC8: =+COUNTIFS(#REF!,Listas!$G$4,#REF!,Listas!$F7,#REF!,Listas!$H$4) -> #REF! | AD8: =+COUNTIFS(#REF!,Listas!$G$5,#REF!,Listas!$F7,#REF!,Listas!$H$2) -> #REF! | AE8: =+COUNTIFS(#REF!,Listas!$G$5,#REF!,Listas!$F7,#REF!,Listas!$H$3) -> #REF! | AF8: =+COUNTIFS(#REF!,Listas!$G$5,#REF!,Listas!$F7,#REF!,Listas!$H$4) -> #REF! | AG8: =SUM(U8:AF8) -> #REF!
A9: 45413 | C9: =+#REF! -> #REF! | D9: =+#REF! -> #REF! | E9: =+#REF! -> #REF! | T9: En Análisis | U9: =+COUNTIFS(#REF!,Listas!$G$2,#REF!,Listas!$F8,#REF!,Listas!$H$2) -> #REF! | V9: =+COUNTIFS(#REF!,Listas!$G$2,#REF!,Listas!$F8,#REF!,Listas!$H$3) -> #REF! | W9: =+COUNTIFS(#REF!,Listas!$G$2,#REF!,Listas!$F8,#REF!,Listas!$H$4) -> #REF! | X9: =+COUNTIFS(#REF!,Listas!$G$3,#REF!,Listas!$F8,#REF!,Listas!$H$2) -> #REF! | Y9: =+COUNTIFS(#REF!,Listas!$G$3,#REF!,Listas!$F8,#REF!,Listas!$H$3) -> #REF! | Z9: =+COUNTIFS(#REF!,Listas!$G$3,#REF!,Listas!$F8,#REF!,Listas!$H$4) -> #REF! | AA9: =+COUNTIFS(#REF!,Listas!$G$4,#REF!,Listas!$F8,#REF!,Listas!$H$2) -> #REF! | AB9: =+COUNTIFS(#REF!,Listas!$G$4,#REF!,Listas!$F8,#REF!,Listas!$H$3) -> #REF! | AC9: =+COUNTIFS(#REF!,Listas!$G$4,#REF!,Listas!$F8,#REF!,Listas!$H$4) -> #REF! | AD9: =+COUNTIFS(#REF!,Listas!$G$5,#REF!,Listas!$F8,#REF!,Listas!$H$2) -> #REF! | AE9: =+COUNTIFS(#REF!,Listas!$G$5,#REF!,Listas!$F8,#REF!,Listas!$H$3) -> #REF! | AF9: =+COUNTIFS(#REF!,Listas!$G$5,#REF!,Listas!$F8,#REF!,Listas!$H$4) -> #REF! | AG9: =SUM(U9:AF9) -> #REF!
A10: 45425 | C10: =+#REF! -> #REF! | D10: =+#REF! -> #REF! | E10: =+#REF! -> #REF! | T10: Total | U10: =SUM(U3:U9) -> #REF! | V10: =SUM(V3:V9) -> #REF! | W10: =SUM(W3:W9) -> #REF! | X10: =SUM(X3:X9) -> #REF! | Y10: =SUM(Y3:Y9) -> #REF! | Z10: =SUM(Z3:Z9) -> #REF! | AA10: =SUM(AA3:AA9) -> #REF! | AB10: =SUM(AB3:AB9) -> #REF! | ... AG10: =SUM(AG3:AG9) -> #REF!
A11: 45446 | C11: =+#REF! -> #REF! | D11: =+#REF! -> #REF! | E11: =+#REF! -> #REF! | U11: =SUM(U10:W10) -> #REF! | X11: =SUM(X10:Z10) -> #REF! | AA11: =SUM(AA10:AC10) -> #REF! | AD11: =SUM(AD10:AF10) -> #REF!
A12: 45453 | C12: =+#REF! -> #REF! | D12: =+#REF! -> #REF! | E12: =+#REF! -> #REF!
A13: 45474 | C13: =+#REF! -> #REF! | D13: =+#REF! -> #REF! | E13: =+#REF! -> #REF!
A14: 45493 | C14: =+#REF! -> #REF! | D14: =+#REF! -> #REF! | E14: =+#REF! -> #REF!
A15: 45511 | C15: =+#REF! -> #REF! | D15: =+#REF! -> #REF! | E15: =+#REF! -> #REF!
A16: 45579 | C16: =+#REF! -> #REF! | D16: =+#REF! -> #REF! | E16: =+#REF! -> #REF!
A17: 45600 | C17: =+#REF! -> #REF! | D17: =+#REF! -> #REF! | E17: =+#REF! -> #REF!
A18: 45607 | C18: =+#REF! -> #REF! | D18: =+#REF! -> #REF! | E18: =+#REF! -> #REF!
A19: 45634 | C19: =+#REF! -> #REF! | D19: =+#REF! -> #REF! | E19: =+#REF! -> #REF!
A20: 45651 | C20: =+#REF! -> #REF! | D20: =+#REF! -> #REF! | E20: =+#REF! -> #REF!
C21: =+#REF! -> #REF! | D21: =+#REF! -> #REF! | E21: =+#REF! -> #REF!

Sheet Listas
B1: Estado Casos | C1: Estado Set | F1: Estado Issue | G1: Tipo Issue | H1: Prioridad | I1: Complejidad Casos Prueba | J1: Complejidad de la Prueba | L1: Esfuerzo por Complejidad | M1: Planeación y Diseño (Complejidad de la Prueba) HRS | N1: Ejecución (Complejidad del caso) MIN
B2: En pruebas | C2: Deal en Pruebas | F2: Nuevo | G2: Error | H2: Alta | I2: Alta | J2: Alta | L2: Alta | M2: 8 | N2: 120
B3: Exitoso | C3: Deal Ok | F3: En Desarrollo | G3: Mejora | H3: Media | I3: Media | J3: Media | L3: Media | M3: 4 | N3: 35
B4: Fallido | C4: Deal con Incidente | F4: En Pruebas | G4: Nuevo Requerimiento | H4: Baja | I4: Media - Alta | J4: Baja | L4: Media - Alta | N4: 60
B5: Bloqueado | C5: Deal por Probar | F5: Devuelto Desarrollo | G5: Configuración | I5: Media - Baja | L5: Media - Baja | N5: 20
B6: Por Ejecutar | F6: Cerrado | I6: Baja | L6: Baja | M6: 3 | N6: 15
B7: Ok Técnico | F7: En instalación
B8: No Aplica | F8: En Análisis
O12: =60/4 -> 15
N19: =40*20% -> 8
